name,link,severity,package,version,fixedBy
CVE-2022-32221,https://avd.aquasec.com/nvd/cve-2022-32221,CRITICAL,curl,7.64.0-4+deb10u2,7.64.0-4+deb10u4
CVE-2022-1664,https://avd.aquasec.com/nvd/cve-2022-1664,CRITICAL,dpkg,1.19.7,1.19.8
CVE-2021-33574,https://avd.aquasec.com/nvd/cve-2021-33574,CRITICAL,libc-bin,2.28-10,2.28-10+deb10u2
CVE-2021-35942,https://avd.aquasec.com/nvd/cve-2021-35942,CRITICAL,libc-bin,2.28-10,2.28-10+deb10u2
CVE-2022-23218,https://avd.aquasec.com/nvd/cve-2022-23218,CRITICAL,libc-bin,2.28-10,2.28-10+deb10u2
CVE-2022-23219,https://avd.aquasec.com/nvd/cve-2022-23219,CRITICAL,libc-bin,2.28-10,2.28-10+deb10u2
CVE-2021-33574,https://avd.aquasec.com/nvd/cve-2021-33574,CRITICAL,libc6,2.28-10,2.28-10+deb10u2
CVE-2021-35942,https://avd.aquasec.com/nvd/cve-2021-35942,CRITICAL,libc6,2.28-10,2.28-10+deb10u2
CVE-2022-23218,https://avd.aquasec.com/nvd/cve-2022-23218,CRITICAL,libc6,2.28-10,2.28-10+deb10u2
CVE-2022-23219,https://avd.aquasec.com/nvd/cve-2022-23219,CRITICAL,libc6,2.28-10,2.28-10+deb10u2
CVE-2022-32221,https://avd.aquasec.com/nvd/cve-2022-32221,CRITICAL,libcurl4,7.64.0-4+deb10u2,7.64.0-4+deb10u4
CVE-2019-8457,https://avd.aquasec.com/nvd/cve-2019-8457,CRITICAL,libdb5.3,5.3.28+dfsg1-0.5,
CVE-2022-22822,https://avd.aquasec.com/nvd/cve-2022-22822,CRITICAL,libexpat1,2.2.6-2+deb10u1,2.2.6-2+deb10u2
CVE-2022-22823,https://avd.aquasec.com/nvd/cve-2022-22823,CRITICAL,libexpat1,2.2.6-2+deb10u1,2.2.6-2+deb10u2
CVE-2022-22824,https://avd.aquasec.com/nvd/cve-2022-22824,CRITICAL,libexpat1,2.2.6-2+deb10u1,2.2.6-2+deb10u2
CVE-2022-23852,https://avd.aquasec.com/nvd/cve-2022-23852,CRITICAL,libexpat1,2.2.6-2+deb10u1,2.2.6-2+deb10u2
CVE-2022-25235,https://avd.aquasec.com/nvd/cve-2022-25235,CRITICAL,libexpat1,2.2.6-2+deb10u1,2.2.6-2+deb10u3
CVE-2022-25236,https://avd.aquasec.com/nvd/cve-2022-25236,CRITICAL,libexpat1,2.2.6-2+deb10u1,2.2.6-2+deb10u3
CVE-2022-25315,https://avd.aquasec.com/nvd/cve-2022-25315,CRITICAL,libexpat1,2.2.6-2+deb10u1,2.2.6-2+deb10u3
CVE-2022-27404,https://avd.aquasec.com/nvd/cve-2022-27404,CRITICAL,libfreetype6,2.9.1-3+deb10u2,2.9.1-3+deb10u3
CVE-2022-29155,https://avd.aquasec.com/nvd/cve-2022-29155,CRITICAL,libldap-2.4-2,2.4.47+dfsg-3+deb10u6,2.4.47+dfsg-3+deb10u7
CVE-2022-29155,https://avd.aquasec.com/nvd/cve-2022-29155,CRITICAL,libldap-common,2.4.47+dfsg-3+deb10u6,2.4.47+dfsg-3+deb10u7
CVE-2021-46848,https://avd.aquasec.com/nvd/cve-2021-46848,CRITICAL,libtasn1-6,4.13-3,4.13-3+deb10u1
CVE-2022-37434,https://avd.aquasec.com/nvd/cve-2022-37434,CRITICAL,zlib1g,1:1.2.11.dfsg-1,1:1.2.11.dfsg-1+deb10u2
CVE-2023-45853,https://avd.aquasec.com/nvd/cve-2023-45853,CRITICAL,zlib1g,1:1.2.11.dfsg-1,
CVE-2021-22946,https://avd.aquasec.com/nvd/cve-2021-22946,HIGH,curl,7.64.0-4+deb10u2,7.64.0-4+deb10u3
CVE-2022-22576,https://avd.aquasec.com/nvd/cve-2022-22576,HIGH,curl,7.64.0-4+deb10u2,7.64.0-4+deb10u3
CVE-2022-27781,https://avd.aquasec.com/nvd/cve-2022-27781,HIGH,curl,7.64.0-4+deb10u2,7.64.0-4+deb10u3
CVE-2022-27782,https://avd.aquasec.com/nvd/cve-2022-27782,HIGH,curl,7.64.0-4+deb10u2,7.64.0-4+deb10u3
CVE-2023-27533,https://avd.aquasec.com/nvd/cve-2023-27533,HIGH,curl,7.64.0-4+deb10u2,7.64.0-4+deb10u6
CVE-2023-27534,https://avd.aquasec.com/nvd/cve-2023-27534,HIGH,curl,7.64.0-4+deb10u2,7.64.0-4+deb10u9
CVE-2022-1304,https://avd.aquasec.com/nvd/cve-2022-1304,HIGH,e2fsprogs,1.44.5-1+deb10u3,
CVE-2018-12886,https://avd.aquasec.com/nvd/cve-2018-12886,HIGH,gcc-8-base,8.3.0-6,
CVE-2019-15847,https://avd.aquasec.com/nvd/cve-2019-15847,HIGH,gcc-8-base,8.3.0-6,
CVE-2022-1271,https://avd.aquasec.com/nvd/cve-2022-1271,HIGH,gzip,1.9-3,1.9-3+deb10u1
CVE-2020-1751,https://avd.aquasec.com/nvd/cve-2020-1751,HIGH,libc-bin,2.28-10,
CVE-2020-1752,https://avd.aquasec.com/nvd/cve-2020-1752,HIGH,libc-bin,2.28-10,2.28-10+deb10u2
CVE-2020-6096,https://avd.aquasec.com/nvd/cve-2020-6096,HIGH,libc-bin,2.28-10,2.28-10+deb10u2
CVE-2021-3326,https://avd.aquasec.com/nvd/cve-2021-3326,HIGH,libc-bin,2.28-10,2.28-10+deb10u2
CVE-2021-3999,https://avd.aquasec.com/nvd/cve-2021-3999,HIGH,libc-bin,2.28-10,2.28-10+deb10u2
CVE-2024-2961,https://avd.aquasec.com/nvd/cve-2024-2961,HIGH,libc-bin,2.28-10,2.28-10+deb10u3
CVE-2024-33599,https://avd.aquasec.com/nvd/cve-2024-33599,HIGH,libc-bin,2.28-10,2.28-10+deb10u4
CVE-2020-1751,https://avd.aquasec.com/nvd/cve-2020-1751,HIGH,libc6,2.28-10,
CVE-2020-1752,https://avd.aquasec.com/nvd/cve-2020-1752,HIGH,libc6,2.28-10,2.28-10+deb10u2
CVE-2020-6096,https://avd.aquasec.com/nvd/cve-2020-6096,HIGH,libc6,2.28-10,2.28-10+deb10u2
CVE-2021-3326,https://avd.aquasec.com/nvd/cve-2021-3326,HIGH,libc6,2.28-10,2.28-10+deb10u2
CVE-2021-3999,https://avd.aquasec.com/nvd/cve-2021-3999,HIGH,libc6,2.28-10,2.28-10+deb10u2
CVE-2024-2961,https://avd.aquasec.com/nvd/cve-2024-2961,HIGH,libc6,2.28-10,2.28-10+deb10u3
CVE-2024-33599,https://avd.aquasec.com/nvd/cve-2024-33599,HIGH,libc6,2.28-10,2.28-10+deb10u4
CVE-2022-1304,https://avd.aquasec.com/nvd/cve-2022-1304,HIGH,libcom-err2,1.44.5-1+deb10u3,
CVE-2021-22946,https://avd.aquasec.com/nvd/cve-2021-22946,HIGH,libcurl4,7.64.0-4+deb10u2,7.64.0-4+deb10u3
CVE-2022-22576,https://avd.aquasec.com/nvd/cve-2022-22576,HIGH,libcurl4,7.64.0-4+deb10u2,7.64.0-4+deb10u3
CVE-2022-27781,https://avd.aquasec.com/nvd/cve-2022-27781,HIGH,libcurl4,7.64.0-4+deb10u2,7.64.0-4+deb10u3
CVE-2022-27782,https://avd.aquasec.com/nvd/cve-2022-27782,HIGH,libcurl4,7.64.0-4+deb10u2,7.64.0-4+deb10u3
CVE-2023-27533,https://avd.aquasec.com/nvd/cve-2023-27533,HIGH,libcurl4,7.64.0-4+deb10u2,7.64.0-4+deb10u6
CVE-2023-27534,https://avd.aquasec.com/nvd/cve-2023-27534,HIGH,libcurl4,7.64.0-4+deb10u2,7.64.0-4+deb10u9
CVE-2021-45960,https://avd.aquasec.com/nvd/cve-2021-45960,HIGH,libexpat1,2.2.6-2+deb10u1,2.2.6-2+deb10u2
CVE-2021-46143,https://avd.aquasec.com/nvd/cve-2021-46143,HIGH,libexpat1,2.2.6-2+deb10u1,2.2.6-2+deb10u2
CVE-2022-22825,https://avd.aquasec.com/nvd/cve-2022-22825,HIGH,libexpat1,2.2.6-2+deb10u1,2.2.6-2+deb10u2
CVE-2022-22826,https://avd.aquasec.com/nvd/cve-2022-22826,HIGH,libexpat1,2.2.6-2+deb10u1,2.2.6-2+deb10u2
CVE-2022-22827,https://avd.aquasec.com/nvd/cve-2022-22827,HIGH,libexpat1,2.2.6-2+deb10u1,2.2.6-2+deb10u2
CVE-2022-23990,https://avd.aquasec.com/nvd/cve-2022-23990,HIGH,libexpat1,2.2.6-2+deb10u1,2.2.6-2+deb10u2
CVE-2022-25314,https://avd.aquasec.com/nvd/cve-2022-25314,HIGH,libexpat1,2.2.6-2+deb10u1,2.2.6-2+deb10u3
CVE-2022-40674,https://avd.aquasec.com/nvd/cve-2022-40674,HIGH,libexpat1,2.2.6-2+deb10u1,2.2.6-2+deb10u5
CVE-2022-43680,https://avd.aquasec.com/nvd/cve-2022-43680,HIGH,libexpat1,2.2.6-2+deb10u1,2.2.6-2+deb10u6
CVE-2023-52425,https://avd.aquasec.com/nvd/cve-2023-52425,HIGH,libexpat1,2.2.6-2+deb10u1,2.2.6-2+deb10u7
CVE-2022-1304,https://avd.aquasec.com/nvd/cve-2022-1304,HIGH,libext2fs2,1.44.5-1+deb10u3,
CVE-2022-27405,https://avd.aquasec.com/nvd/cve-2022-27405,HIGH,libfreetype6,2.9.1-3+deb10u2,2.9.1-3+deb10u3
CVE-2022-27406,https://avd.aquasec.com/nvd/cve-2022-27406,HIGH,libfreetype6,2.9.1-3+deb10u2,2.9.1-3+deb10u3
CVE-2018-12886,https://avd.aquasec.com/nvd/cve-2018-12886,HIGH,libgcc1,1:8.3.0-6,
CVE-2019-15847,https://avd.aquasec.com/nvd/cve-2019-15847,HIGH,libgcc1,1:8.3.0-6,
CVE-2021-33560,https://avd.aquasec.com/nvd/cve-2021-33560,HIGH,libgcrypt20,1.8.4-5+deb10u1,
CVE-2017-6363,https://avd.aquasec.com/nvd/cve-2017-6363,HIGH,libgd3,2.2.5-5.2,
CVE-2018-14553,https://avd.aquasec.com/nvd/cve-2018-14553,HIGH,libgd3,2.2.5-5.2,2.2.5-5.2+deb10u1
CVE-2021-43618,https://avd.aquasec.com/nvd/cve-2021-43618,HIGH,libgmp10,2:6.1.2+dfsg-4,2:6.1.2+dfsg-4+deb10u1
CVE-2022-2509,https://avd.aquasec.com/nvd/cve-2022-2509,HIGH,libgnutls30,3.6.7-4+deb10u7,3.6.7-4+deb10u9
CVE-2023-0361,https://avd.aquasec.com/nvd/cve-2023-0361,HIGH,libgnutls30,3.6.7-4+deb10u7,3.6.7-4+deb10u10
CVE-2024-0553,https://avd.aquasec.com/nvd/cve-2024-0553,HIGH,libgnutls30,3.6.7-4+deb10u7,3.6.7-4+deb10u12
CVE-2022-42898,https://avd.aquasec.com/nvd/cve-2022-42898,HIGH,libgssapi-krb5-2,1.17-3+deb10u2,1.17-3+deb10u5
CVE-2019-12290,https://avd.aquasec.com/nvd/cve-2019-12290,HIGH,libidn2-0,2.0.5-1+deb10u1,
CVE-2022-42898,https://avd.aquasec.com/nvd/cve-2022-42898,HIGH,libk5crypto3,1.17-3+deb10u2,1.17-3+deb10u5
CVE-2022-42898,https://avd.aquasec.com/nvd/cve-2022-42898,HIGH,libkrb5-3,1.17-3+deb10u2,1.17-3+deb10u5
CVE-2022-42898,https://avd.aquasec.com/nvd/cve-2022-42898,HIGH,libkrb5support0,1.17-3+deb10u2,1.17-3+deb10u5
CVE-2023-2953,https://avd.aquasec.com/nvd/cve-2023-2953,HIGH,libldap-2.4-2,2.4.47+dfsg-3+deb10u6,
CVE-2023-2953,https://avd.aquasec.com/nvd/cve-2023-2953,HIGH,libldap-common,2.4.47+dfsg-3+deb10u6,
CVE-2022-1271,https://avd.aquasec.com/nvd/cve-2022-1271,HIGH,liblzma5,5.2.4-1,5.2.4-1+deb10u1
CVE-2021-39537,https://avd.aquasec.com/nvd/cve-2021-39537,HIGH,libncursesw6,6.1+20181013-2+deb10u2,6.1+20181013-2+deb10u5
CVE-2022-29458,https://avd.aquasec.com/nvd/cve-2022-29458,HIGH,libncursesw6,6.1+20181013-2+deb10u2,6.1+20181013-2+deb10u3
CVE-2023-29491,https://avd.aquasec.com/nvd/cve-2023-29491,HIGH,libncursesw6,6.1+20181013-2+deb10u2,6.1+20181013-2+deb10u5
CVE-2020-11080,https://avd.aquasec.com/nvd/cve-2020-11080,HIGH,libnghttp2-14,1.36.0-2+deb10u1,1.36.0-2+deb10u2
CVE-2023-44487,https://avd.aquasec.com/nvd/cve-2023-44487,HIGH,libnghttp2-14,1.36.0-2+deb10u1,1.36.0-2+deb10u2
CVE-2022-24407,https://avd.aquasec.com/nvd/cve-2022-24407,HIGH,libsasl2-2,2.1.27+dfsg-1+deb10u1,2.1.27+dfsg-1+deb10u2
CVE-2022-24407,https://avd.aquasec.com/nvd/cve-2022-24407,HIGH,libsasl2-modules-db,2.1.27+dfsg-1+deb10u1,2.1.27+dfsg-1+deb10u2
CVE-2022-1304,https://avd.aquasec.com/nvd/cve-2022-1304,HIGH,libss2,1.44.5-1+deb10u3,
CVE-2019-13115,https://avd.aquasec.com/nvd/cve-2019-13115,HIGH,libssh2-1,1.8.0-2.1,1.8.0-2.1+deb10u1
CVE-2019-17498,https://avd.aquasec.com/nvd/cve-2019-17498,HIGH,libssh2-1,1.8.0-2.1,1.8.0-2.1+deb10u1
CVE-2020-22218,https://avd.aquasec.com/nvd/cve-2020-22218,HIGH,libssh2-1,1.8.0-2.1,1.8.0-2.1+deb10u1
CVE-2022-0778,https://avd.aquasec.com/nvd/cve-2022-0778,HIGH,libssl1.1,1.1.1d-0+deb10u7,1.1.1d-0+deb10u8
CVE-2022-1292,https://avd.aquasec.com/nvd/cve-2022-1292,HIGH,libssl1.1,1.1.1d-0+deb10u7,1.1.1n-0+deb10u2
CVE-2022-2068,https://avd.aquasec.com/nvd/cve-2022-2068,HIGH,libssl1.1,1.1.1d-0+deb10u7,1.1.1n-0+deb10u3
CVE-2022-4450,https://avd.aquasec.com/nvd/cve-2022-4450,HIGH,libssl1.1,1.1.1d-0+deb10u7,1.1.1n-0+deb10u4
CVE-2023-0215,https://avd.aquasec.com/nvd/cve-2023-0215,HIGH,libssl1.1,1.1.1d-0+deb10u7,1.1.1n-0+deb10u4
CVE-2023-0286,https://avd.aquasec.com/nvd/cve-2023-0286,HIGH,libssl1.1,1.1.1d-0+deb10u7,1.1.1n-0+deb10u4
CVE-2023-0464,https://avd.aquasec.com/nvd/cve-2023-0464,HIGH,libssl1.1,1.1.1d-0+deb10u7,1.1.1n-0+deb10u5
CVE-2018-12886,https://avd.aquasec.com/nvd/cve-2018-12886,HIGH,libstdc++6,8.3.0-6,
CVE-2019-15847,https://avd.aquasec.com/nvd/cve-2019-15847,HIGH,libstdc++6,8.3.0-6,
CVE-2019-3843,https://avd.aquasec.com/nvd/cve-2019-3843,HIGH,libsystemd0,241-7~deb10u8,
CVE-2019-3844,https://avd.aquasec.com/nvd/cve-2019-3844,HIGH,libsystemd0,241-7~deb10u8,
CVE-2023-26604,https://avd.aquasec.com/nvd/cve-2023-26604,HIGH,libsystemd0,241-7~deb10u8,241-7~deb10u9
CVE-2023-50387,https://avd.aquasec.com/nvd/cve-2023-50387,HIGH,libsystemd0,241-7~deb10u8,
CVE-2023-50868,https://avd.aquasec.com/nvd/cve-2023-50868,HIGH,libsystemd0,241-7~deb10u8,
CVE-2022-0891,https://avd.aquasec.com/nvd/cve-2022-0891,HIGH,libtiff5,4.1.0+git191117-2~deb10u2,4.1.0+git191117-2~deb10u4
CVE-2022-3970,https://avd.aquasec.com/nvd/cve-2022-3970,HIGH,libtiff5,4.1.0+git191117-2~deb10u2,4.1.0+git191117-2~deb10u5
CVE-2023-25434,https://avd.aquasec.com/nvd/cve-2023-25434,HIGH,libtiff5,4.1.0+git191117-2~deb10u2,4.1.0+git191117-2~deb10u7
CVE-2023-52355,https://avd.aquasec.com/nvd/cve-2023-52355,HIGH,libtiff5,4.1.0+git191117-2~deb10u2,
CVE-2023-52356,https://avd.aquasec.com/nvd/cve-2023-52356,HIGH,libtiff5,4.1.0+git191117-2~deb10u2,4.1.0+git191117-2~deb10u9
CVE-2021-39537,https://avd.aquasec.com/nvd/cve-2021-39537,HIGH,libtinfo6,6.1+20181013-2+deb10u2,6.1+20181013-2+deb10u5
CVE-2022-29458,https://avd.aquasec.com/nvd/cve-2022-29458,HIGH,libtinfo6,6.1+20181013-2+deb10u2,6.1+20181013-2+deb10u3
CVE-2023-29491,https://avd.aquasec.com/nvd/cve-2023-29491,HIGH,libtinfo6,6.1+20181013-2+deb10u2,6.1+20181013-2+deb10u5
CVE-2019-3843,https://avd.aquasec.com/nvd/cve-2019-3843,HIGH,libudev1,241-7~deb10u8,
CVE-2019-3844,https://avd.aquasec.com/nvd/cve-2019-3844,HIGH,libudev1,241-7~deb10u8,
CVE-2023-26604,https://avd.aquasec.com/nvd/cve-2023-26604,HIGH,libudev1,241-7~deb10u8,241-7~deb10u9
CVE-2023-50387,https://avd.aquasec.com/nvd/cve-2023-50387,HIGH,libudev1,241-7~deb10u8,
CVE-2023-50868,https://avd.aquasec.com/nvd/cve-2023-50868,HIGH,libudev1,241-7~deb10u8,
CVE-2023-1999,https://avd.aquasec.com/nvd/cve-2023-1999,HIGH,libwebp6,0.6.1-2+deb10u1,0.6.1-2+deb10u2
CVE-2023-4863,https://avd.aquasec.com/nvd/cve-2023-4863,HIGH,libwebp6,0.6.1-2+deb10u1,0.6.1-2+deb10u3
CVE-2023-3138,https://avd.aquasec.com/nvd/cve-2023-3138,HIGH,libx11-6,2:1.6.7-1+deb10u2,2:1.6.7-1+deb10u3
CVE-2023-43787,https://avd.aquasec.com/nvd/cve-2023-43787,HIGH,libx11-6,2:1.6.7-1+deb10u2,2:1.6.7-1+deb10u4
CVE-2023-3138,https://avd.aquasec.com/nvd/cve-2023-3138,HIGH,libx11-data,2:1.6.7-1+deb10u2,2:1.6.7-1+deb10u3
CVE-2023-43787,https://avd.aquasec.com/nvd/cve-2023-43787,HIGH,libx11-data,2:1.6.7-1+deb10u2,2:1.6.7-1+deb10u4
CVE-2017-16932,https://avd.aquasec.com/nvd/cve-2017-16932,HIGH,libxml2,2.9.4+dfsg1-7+deb10u2,
CVE-2022-2309,https://avd.aquasec.com/nvd/cve-2022-2309,HIGH,libxml2,2.9.4+dfsg1-7+deb10u2,
CVE-2022-23308,https://avd.aquasec.com/nvd/cve-2022-23308,HIGH,libxml2,2.9.4+dfsg1-7+deb10u2,2.9.4+dfsg1-7+deb10u3
CVE-2022-40303,https://avd.aquasec.com/nvd/cve-2022-40303,HIGH,libxml2,2.9.4+dfsg1-7+deb10u2,2.9.4+dfsg1-7+deb10u5
CVE-2022-40304,https://avd.aquasec.com/nvd/cve-2022-40304,HIGH,libxml2,2.9.4+dfsg1-7+deb10u2,2.9.4+dfsg1-7+deb10u5
CVE-2024-25062,https://avd.aquasec.com/nvd/cve-2024-25062,HIGH,libxml2,2.9.4+dfsg1-7+deb10u2,
CVE-2022-44617,https://avd.aquasec.com/nvd/cve-2022-44617,HIGH,libxpm4,1:3.5.12-1,1:3.5.12-1+deb10u1
CVE-2022-46285,https://avd.aquasec.com/nvd/cve-2022-46285,HIGH,libxpm4,1:3.5.12-1,1:3.5.12-1+deb10u1
CVE-2022-4883,https://avd.aquasec.com/nvd/cve-2022-4883,HIGH,libxpm4,1:3.5.12-1,1:3.5.12-1+deb10u1
CVE-2019-5815,https://avd.aquasec.com/nvd/cve-2019-5815,HIGH,libxslt1.1,1.1.32-2.2~deb10u1,1.1.32-2.2~deb10u2
CVE-2021-30560,https://avd.aquasec.com/nvd/cve-2021-30560,HIGH,libxslt1.1,1.1.32-2.2~deb10u1,1.1.32-2.2~deb10u2
CVE-2021-39537,https://avd.aquasec.com/nvd/cve-2021-39537,HIGH,ncurses-base,6.1+20181013-2+deb10u2,6.1+20181013-2+deb10u5
CVE-2022-29458,https://avd.aquasec.com/nvd/cve-2022-29458,HIGH,ncurses-base,6.1+20181013-2+deb10u2,6.1+20181013-2+deb10u3
CVE-2023-29491,https://avd.aquasec.com/nvd/cve-2023-29491,HIGH,ncurses-base,6.1+20181013-2+deb10u2,6.1+20181013-2+deb10u5
CVE-2021-39537,https://avd.aquasec.com/nvd/cve-2021-39537,HIGH,ncurses-bin,6.1+20181013-2+deb10u2,6.1+20181013-2+deb10u5
CVE-2022-29458,https://avd.aquasec.com/nvd/cve-2022-29458,HIGH,ncurses-bin,6.1+20181013-2+deb10u2,6.1+20181013-2+deb10u3
CVE-2023-29491,https://avd.aquasec.com/nvd/cve-2023-29491,HIGH,ncurses-bin,6.1+20181013-2+deb10u2,6.1+20181013-2+deb10u5
CVE-2022-0778,https://avd.aquasec.com/nvd/cve-2022-0778,HIGH,openssl,1.1.1d-0+deb10u7,1.1.1d-0+deb10u8
CVE-2022-1292,https://avd.aquasec.com/nvd/cve-2022-1292,HIGH,openssl,1.1.1d-0+deb10u7,1.1.1n-0+deb10u2
CVE-2022-2068,https://avd.aquasec.com/nvd/cve-2022-2068,HIGH,openssl,1.1.1d-0+deb10u7,1.1.1n-0+deb10u3
CVE-2022-4450,https://avd.aquasec.com/nvd/cve-2022-4450,HIGH,openssl,1.1.1d-0+deb10u7,1.1.1n-0+deb10u4
CVE-2023-0215,https://avd.aquasec.com/nvd/cve-2023-0215,HIGH,openssl,1.1.1d-0+deb10u7,1.1.1n-0+deb10u4
CVE-2023-0286,https://avd.aquasec.com/nvd/cve-2023-0286,HIGH,openssl,1.1.1d-0+deb10u7,1.1.1n-0+deb10u4
CVE-2023-0464,https://avd.aquasec.com/nvd/cve-2023-0464,HIGH,openssl,1.1.1d-0+deb10u7,1.1.1n-0+deb10u5
CVE-2020-16156,https://avd.aquasec.com/nvd/cve-2020-16156,HIGH,perl-base,5.28.1-6+deb10u1,
CVE-2023-31484,https://avd.aquasec.com/nvd/cve-2023-31484,HIGH,perl-base,5.28.1-6+deb10u1,
CVE-2018-25032,https://avd.aquasec.com/nvd/cve-2018-25032,HIGH,zlib1g,1:1.2.11.dfsg-1,1:1.2.11.dfsg-1+deb10u1
CVE-2021-37600,https://avd.aquasec.com/nvd/cve-2021-37600,MEDIUM,bsdutils,1:2.33.1-0.1,2.33.1-0.1+deb10u1
CVE-2021-22947,https://avd.aquasec.com/nvd/cve-2021-22947,MEDIUM,curl,7.64.0-4+deb10u2,7.64.0-4+deb10u3
CVE-2022-27774,https://avd.aquasec.com/nvd/cve-2022-27774,MEDIUM,curl,7.64.0-4+deb10u2,7.64.0-4+deb10u4
CVE-2022-27776,https://avd.aquasec.com/nvd/cve-2022-27776,MEDIUM,curl,7.64.0-4+deb10u2,7.64.0-4+deb10u3
CVE-2022-32206,https://avd.aquasec.com/nvd/cve-2022-32206,MEDIUM,curl,7.64.0-4+deb10u2,7.64.0-4+deb10u3
CVE-2022-32208,https://avd.aquasec.com/nvd/cve-2022-32208,MEDIUM,curl,7.64.0-4+deb10u2,7.64.0-4+deb10u3
CVE-2022-43552,https://avd.aquasec.com/nvd/cve-2022-43552,MEDIUM,curl,7.64.0-4+deb10u2,7.64.0-4+deb10u4
CVE-2023-23916,https://avd.aquasec.com/nvd/cve-2023-23916,MEDIUM,curl,7.64.0-4+deb10u2,7.64.0-4+deb10u5
CVE-2023-27535,https://avd.aquasec.com/nvd/cve-2023-27535,MEDIUM,curl,7.64.0-4+deb10u2,7.64.0-4+deb10u6
CVE-2023-27536,https://avd.aquasec.com/nvd/cve-2023-27536,MEDIUM,curl,7.64.0-4+deb10u2,7.64.0-4+deb10u6
CVE-2023-27538,https://avd.aquasec.com/nvd/cve-2023-27538,MEDIUM,curl,7.64.0-4+deb10u2,7.64.0-4+deb10u6
CVE-2023-28321,https://avd.aquasec.com/nvd/cve-2023-28321,MEDIUM,curl,7.64.0-4+deb10u2,7.64.0-4+deb10u7
CVE-2023-46218,https://avd.aquasec.com/nvd/cve-2023-46218,MEDIUM,curl,7.64.0-4+deb10u2,7.64.0-4+deb10u8
CVE-2024-2398,https://avd.aquasec.com/nvd/cve-2024-2398,MEDIUM,curl,7.64.0-4+deb10u2,
CVE-2021-37600,https://avd.aquasec.com/nvd/cve-2021-37600,MEDIUM,fdisk,2.33.1-0.1,2.33.1-0.1+deb10u1
CVE-2022-34903,https://avd.aquasec.com/nvd/cve-2022-34903,MEDIUM,gpgv,2.2.12-1+deb10u1,2.2.12-1+deb10u2
CVE-2021-37600,https://avd.aquasec.com/nvd/cve-2021-37600,MEDIUM,libblkid1,2.33.1-0.1,2.33.1-0.1+deb10u1
CVE-2016-10228,https://avd.aquasec.com/nvd/cve-2016-10228,MEDIUM,libc-bin,2.28-10,2.28-10+deb10u2
CVE-2019-25013,https://avd.aquasec.com/nvd/cve-2019-25013,MEDIUM,libc-bin,2.28-10,2.28-10+deb10u2
CVE-2020-10029,https://avd.aquasec.com/nvd/cve-2020-10029,MEDIUM,libc-bin,2.28-10,2.28-10+deb10u2
CVE-2020-27618,https://avd.aquasec.com/nvd/cve-2020-27618,MEDIUM,libc-bin,2.28-10,2.28-10+deb10u2
CVE-2023-4806,https://avd.aquasec.com/nvd/cve-2023-4806,MEDIUM,libc-bin,2.28-10,
CVE-2023-4813,https://avd.aquasec.com/nvd/cve-2023-4813,MEDIUM,libc-bin,2.28-10,
CVE-2024-33600,https://avd.aquasec.com/nvd/cve-2024-33600,MEDIUM,libc-bin,2.28-10,2.28-10+deb10u4
CVE-2016-10228,https://avd.aquasec.com/nvd/cve-2016-10228,MEDIUM,libc6,2.28-10,2.28-10+deb10u2
CVE-2019-25013,https://avd.aquasec.com/nvd/cve-2019-25013,MEDIUM,libc6,2.28-10,2.28-10+deb10u2
CVE-2020-10029,https://avd.aquasec.com/nvd/cve-2020-10029,MEDIUM,libc6,2.28-10,2.28-10+deb10u2
CVE-2020-27618,https://avd.aquasec.com/nvd/cve-2020-27618,MEDIUM,libc6,2.28-10,2.28-10+deb10u2
CVE-2023-4806,https://avd.aquasec.com/nvd/cve-2023-4806,MEDIUM,libc6,2.28-10,
CVE-2023-4813,https://avd.aquasec.com/nvd/cve-2023-4813,MEDIUM,libc6,2.28-10,
CVE-2024-33600,https://avd.aquasec.com/nvd/cve-2024-33600,MEDIUM,libc6,2.28-10,2.28-10+deb10u4
CVE-2021-22947,https://avd.aquasec.com/nvd/cve-2021-22947,MEDIUM,libcurl4,7.64.0-4+deb10u2,7.64.0-4+deb10u3
CVE-2022-27774,https://avd.aquasec.com/nvd/cve-2022-27774,MEDIUM,libcurl4,7.64.0-4+deb10u2,7.64.0-4+deb10u4
CVE-2022-27776,https://avd.aquasec.com/nvd/cve-2022-27776,MEDIUM,libcurl4,7.64.0-4+deb10u2,7.64.0-4+deb10u3
CVE-2022-32206,https://avd.aquasec.com/nvd/cve-2022-32206,MEDIUM,libcurl4,7.64.0-4+deb10u2,7.64.0-4+deb10u3
CVE-2022-32208,https://avd.aquasec.com/nvd/cve-2022-32208,MEDIUM,libcurl4,7.64.0-4+deb10u2,7.64.0-4+deb10u3
CVE-2022-43552,https://avd.aquasec.com/nvd/cve-2022-43552,MEDIUM,libcurl4,7.64.0-4+deb10u2,7.64.0-4+deb10u4
CVE-2023-23916,https://avd.aquasec.com/nvd/cve-2023-23916,MEDIUM,libcurl4,7.64.0-4+deb10u2,7.64.0-4+deb10u5
CVE-2023-27535,https://avd.aquasec.com/nvd/cve-2023-27535,MEDIUM,libcurl4,7.64.0-4+deb10u2,7.64.0-4+deb10u6
CVE-2023-27536,https://avd.aquasec.com/nvd/cve-2023-27536,MEDIUM,libcurl4,7.64.0-4+deb10u2,7.64.0-4+deb10u6
CVE-2023-27538,https://avd.aquasec.com/nvd/cve-2023-27538,MEDIUM,libcurl4,7.64.0-4+deb10u2,7.64.0-4+deb10u6
CVE-2023-28321,https://avd.aquasec.com/nvd/cve-2023-28321,MEDIUM,libcurl4,7.64.0-4+deb10u2,7.64.0-4+deb10u7
CVE-2023-46218,https://avd.aquasec.com/nvd/cve-2023-46218,MEDIUM,libcurl4,7.64.0-4+deb10u2,7.64.0-4+deb10u8
CVE-2024-2398,https://avd.aquasec.com/nvd/cve-2024-2398,MEDIUM,libcurl4,7.64.0-4+deb10u2,
CVE-2022-25313,https://avd.aquasec.com/nvd/cve-2022-25313,MEDIUM,libexpat1,2.2.6-2+deb10u1,2.2.6-2+deb10u3
CVE-2021-37600,https://avd.aquasec.com/nvd/cve-2021-37600,MEDIUM,libfdisk1,2.33.1-0.1,2.33.1-0.1+deb10u1
CVE-2019-13627,https://avd.aquasec.com/nvd/cve-2019-13627,MEDIUM,libgcrypt20,1.8.4-5+deb10u1,
CVE-2021-38115,https://avd.aquasec.com/nvd/cve-2021-38115,MEDIUM,libgd3,2.2.5-5.2,2.2.5-5.2+deb10u1
CVE-2021-40812,https://avd.aquasec.com/nvd/cve-2021-40812,MEDIUM,libgd3,2.2.5-5.2,2.2.5-5.2+deb10u1
CVE-2021-4209,https://avd.aquasec.com/nvd/cve-2021-4209,MEDIUM,libgnutls30,3.6.7-4+deb10u7,3.6.7-4+deb10u9
CVE-2023-5981,https://avd.aquasec.com/nvd/cve-2023-5981,MEDIUM,libgnutls30,3.6.7-4+deb10u7,3.6.7-4+deb10u11
CVE-2021-37750,https://avd.aquasec.com/nvd/cve-2021-37750,MEDIUM,libgssapi-krb5-2,1.17-3+deb10u2,1.17-3+deb10u3
CVE-2023-36054,https://avd.aquasec.com/nvd/cve-2023-36054,MEDIUM,libgssapi-krb5-2,1.17-3+deb10u2,1.17-3+deb10u6
CVE-2020-21913,https://avd.aquasec.com/nvd/cve-2020-21913,MEDIUM,libicu63,63.1-6+deb10u1,63.1-6+deb10u2
CVE-2020-35538,https://avd.aquasec.com/nvd/cve-2020-35538,MEDIUM,libjpeg62-turbo,1:1.5.2-2+deb10u1,
CVE-2021-46822,https://avd.aquasec.com/nvd/cve-2021-46822,MEDIUM,libjpeg62-turbo,1:1.5.2-2+deb10u1,
CVE-2021-37750,https://avd.aquasec.com/nvd/cve-2021-37750,MEDIUM,libk5crypto3,1.17-3+deb10u2,1.17-3+deb10u3
CVE-2023-36054,https://avd.aquasec.com/nvd/cve-2023-36054,MEDIUM,libk5crypto3,1.17-3+deb10u2,1.17-3+deb10u6
CVE-2021-37750,https://avd.aquasec.com/nvd/cve-2021-37750,MEDIUM,libkrb5-3,1.17-3+deb10u2,1.17-3+deb10u3
CVE-2023-36054,https://avd.aquasec.com/nvd/cve-2023-36054,MEDIUM,libkrb5-3,1.17-3+deb10u2,1.17-3+deb10u6
CVE-2021-37750,https://avd.aquasec.com/nvd/cve-2021-37750,MEDIUM,libkrb5support0,1.17-3+deb10u2,1.17-3+deb10u3
CVE-2023-36054,https://avd.aquasec.com/nvd/cve-2023-36054,MEDIUM,libkrb5support0,1.17-3+deb10u2,1.17-3+deb10u6
CVE-2021-37600,https://avd.aquasec.com/nvd/cve-2021-37600,MEDIUM,libmount1,2.33.1-0.1,2.33.1-0.1+deb10u1
CVE-2020-19189,https://avd.aquasec.com/nvd/cve-2020-19189,MEDIUM,libncursesw6,6.1+20181013-2+deb10u2,6.1+20181013-2+deb10u4
CVE-2023-50495,https://avd.aquasec.com/nvd/cve-2023-50495,MEDIUM,libncursesw6,6.1+20181013-2+deb10u2,
CVE-2024-28182,https://avd.aquasec.com/nvd/cve-2024-28182,MEDIUM,libnghttp2-14,1.36.0-2+deb10u1,1.36.0-2+deb10u3
CVE-2024-22365,https://avd.aquasec.com/nvd/cve-2024-22365,MEDIUM,libpam-modules,1.3.1-5,
CVE-2024-22365,https://avd.aquasec.com/nvd/cve-2024-22365,MEDIUM,libpam-modules-bin,1.3.1-5,
CVE-2024-22365,https://avd.aquasec.com/nvd/cve-2024-22365,MEDIUM,libpam-runtime,1.3.1-5,
CVE-2024-22365,https://avd.aquasec.com/nvd/cve-2024-22365,MEDIUM,libpam0g,1.3.1-5,
CVE-2020-14155,https://avd.aquasec.com/nvd/cve-2020-14155,MEDIUM,libpcre3,2:8.39-12,
CVE-2021-37600,https://avd.aquasec.com/nvd/cve-2021-37600,MEDIUM,libsmartcols1,2.33.1-0.1,2.33.1-0.1+deb10u1
CVE-2021-4160,https://avd.aquasec.com/nvd/cve-2021-4160,MEDIUM,libssl1.1,1.1.1d-0+deb10u7,1.1.1d-0+deb10u8
CVE-2022-2097,https://avd.aquasec.com/nvd/cve-2022-2097,MEDIUM,libssl1.1,1.1.1d-0+deb10u7,1.1.1n-0+deb10u4
CVE-2022-4304,https://avd.aquasec.com/nvd/cve-2022-4304,MEDIUM,libssl1.1,1.1.1d-0+deb10u7,1.1.1n-0+deb10u4
CVE-2023-0465,https://avd.aquasec.com/nvd/cve-2023-0465,MEDIUM,libssl1.1,1.1.1d-0+deb10u7,1.1.1n-0+deb10u5
CVE-2023-0466,https://avd.aquasec.com/nvd/cve-2023-0466,MEDIUM,libssl1.1,1.1.1d-0+deb10u7,1.1.1n-0+deb10u5
CVE-2023-2650,https://avd.aquasec.com/nvd/cve-2023-2650,MEDIUM,libssl1.1,1.1.1d-0+deb10u7,1.1.1n-0+deb10u5
CVE-2023-3446,https://avd.aquasec.com/nvd/cve-2023-3446,MEDIUM,libssl1.1,1.1.1d-0+deb10u7,1.1.1n-0+deb10u6
CVE-2023-3817,https://avd.aquasec.com/nvd/cve-2023-3817,MEDIUM,libssl1.1,1.1.1d-0+deb10u7,1.1.1n-0+deb10u6
CVE-2023-5678,https://avd.aquasec.com/nvd/cve-2023-5678,MEDIUM,libssl1.1,1.1.1d-0+deb10u7,
CVE-2024-0727,https://avd.aquasec.com/nvd/cve-2024-0727,MEDIUM,libssl1.1,1.1.1d-0+deb10u7,
CVE-2021-3997,https://avd.aquasec.com/nvd/cve-2021-3997,MEDIUM,libsystemd0,241-7~deb10u8,
CVE-2022-3821,https://avd.aquasec.com/nvd/cve-2022-3821,MEDIUM,libsystemd0,241-7~deb10u8,241-7~deb10u10
CVE-2022-4415,https://avd.aquasec.com/nvd/cve-2022-4415,MEDIUM,libsystemd0,241-7~deb10u8,
CVE-2023-7008,https://avd.aquasec.com/nvd/cve-2023-7008,MEDIUM,libsystemd0,241-7~deb10u8,
CVE-2020-19143,https://avd.aquasec.com/nvd/cve-2020-19143,MEDIUM,libtiff5,4.1.0+git191117-2~deb10u2,4.1.0+git191117-2~deb10u3
CVE-2022-0561,https://avd.aquasec.com/nvd/cve-2022-0561,MEDIUM,libtiff5,4.1.0+git191117-2~deb10u2,4.1.0+git191117-2~deb10u4
CVE-2022-0562,https://avd.aquasec.com/nvd/cve-2022-0562,MEDIUM,libtiff5,4.1.0+git191117-2~deb10u2,4.1.0+git191117-2~deb10u4
CVE-2022-0865,https://avd.aquasec.com/nvd/cve-2022-0865,MEDIUM,libtiff5,4.1.0+git191117-2~deb10u2,4.1.0+git191117-2~deb10u4
CVE-2022-0907,https://avd.aquasec.com/nvd/cve-2022-0907,MEDIUM,libtiff5,4.1.0+git191117-2~deb10u2,4.1.0+git191117-2~deb10u4
CVE-2022-0908,https://avd.aquasec.com/nvd/cve-2022-0908,MEDIUM,libtiff5,4.1.0+git191117-2~deb10u2,4.1.0+git191117-2~deb10u4
CVE-2022-0909,https://avd.aquasec.com/nvd/cve-2022-0909,MEDIUM,libtiff5,4.1.0+git191117-2~deb10u2,4.1.0+git191117-2~deb10u4
CVE-2022-0924,https://avd.aquasec.com/nvd/cve-2022-0924,MEDIUM,libtiff5,4.1.0+git191117-2~deb10u2,4.1.0+git191117-2~deb10u4
CVE-2022-1354,https://avd.aquasec.com/nvd/cve-2022-1354,MEDIUM,libtiff5,4.1.0+git191117-2~deb10u2,4.1.0+git191117-2~deb10u5
CVE-2022-1355,https://avd.aquasec.com/nvd/cve-2022-1355,MEDIUM,libtiff5,4.1.0+git191117-2~deb10u2,4.1.0+git191117-2~deb10u5
CVE-2022-2056,https://avd.aquasec.com/nvd/cve-2022-2056,MEDIUM,libtiff5,4.1.0+git191117-2~deb10u2,4.1.0+git191117-2~deb10u5
CVE-2022-2057,https://avd.aquasec.com/nvd/cve-2022-2057,MEDIUM,libtiff5,4.1.0+git191117-2~deb10u2,4.1.0+git191117-2~deb10u5
CVE-2022-2058,https://avd.aquasec.com/nvd/cve-2022-2058,MEDIUM,libtiff5,4.1.0+git191117-2~deb10u2,4.1.0+git191117-2~deb10u5
CVE-2022-22844,https://avd.aquasec.com/nvd/cve-2022-22844,MEDIUM,libtiff5,4.1.0+git191117-2~deb10u2,4.1.0+git191117-2~deb10u4
CVE-2022-2867,https://avd.aquasec.com/nvd/cve-2022-2867,MEDIUM,libtiff5,4.1.0+git191117-2~deb10u2,4.1.0+git191117-2~deb10u5
CVE-2022-2868,https://avd.aquasec.com/nvd/cve-2022-2868,MEDIUM,libtiff5,4.1.0+git191117-2~deb10u2,4.1.0+git191117-2~deb10u5
CVE-2022-2869,https://avd.aquasec.com/nvd/cve-2022-2869,MEDIUM,libtiff5,4.1.0+git191117-2~deb10u2,4.1.0+git191117-2~deb10u5
CVE-2022-34526,https://avd.aquasec.com/nvd/cve-2022-34526,MEDIUM,libtiff5,4.1.0+git191117-2~deb10u2,4.1.0+git191117-2~deb10u5
CVE-2022-3570,https://avd.aquasec.com/nvd/cve-2022-3570,MEDIUM,libtiff5,4.1.0+git191117-2~deb10u2,4.1.0+git191117-2~deb10u5
CVE-2022-3597,https://avd.aquasec.com/nvd/cve-2022-3597,MEDIUM,libtiff5,4.1.0+git191117-2~deb10u2,4.1.0+git191117-2~deb10u5
CVE-2022-3598,https://avd.aquasec.com/nvd/cve-2022-3598,MEDIUM,libtiff5,4.1.0+git191117-2~deb10u2,4.1.0+git191117-2~deb10u5
CVE-2022-3599,https://avd.aquasec.com/nvd/cve-2022-3599,MEDIUM,libtiff5,4.1.0+git191117-2~deb10u2,4.1.0+git191117-2~deb10u5
CVE-2022-3626,https://avd.aquasec.com/nvd/cve-2022-3626,MEDIUM,libtiff5,4.1.0+git191117-2~deb10u2,4.1.0+git191117-2~deb10u5
CVE-2022-3627,https://avd.aquasec.com/nvd/cve-2022-3627,MEDIUM,libtiff5,4.1.0+git191117-2~deb10u2,4.1.0+git191117-2~deb10u5
CVE-2022-40090,https://avd.aquasec.com/nvd/cve-2022-40090,MEDIUM,libtiff5,4.1.0+git191117-2~deb10u2,
CVE-2022-4645,https://avd.aquasec.com/nvd/cve-2022-4645,MEDIUM,libtiff5,4.1.0+git191117-2~deb10u2,4.1.0+git191117-2~deb10u5
CVE-2022-48281,https://avd.aquasec.com/nvd/cve-2022-48281,MEDIUM,libtiff5,4.1.0+git191117-2~deb10u2,4.1.0+git191117-2~deb10u6
CVE-2023-0795,https://avd.aquasec.com/nvd/cve-2023-0795,MEDIUM,libtiff5,4.1.0+git191117-2~deb10u2,4.1.0+git191117-2~deb10u7
CVE-2023-0796,https://avd.aquasec.com/nvd/cve-2023-0796,MEDIUM,libtiff5,4.1.0+git191117-2~deb10u2,4.1.0+git191117-2~deb10u7
CVE-2023-0797,https://avd.aquasec.com/nvd/cve-2023-0797,MEDIUM,libtiff5,4.1.0+git191117-2~deb10u2,4.1.0+git191117-2~deb10u7
CVE-2023-0798,https://avd.aquasec.com/nvd/cve-2023-0798,MEDIUM,libtiff5,4.1.0+git191117-2~deb10u2,4.1.0+git191117-2~deb10u7
CVE-2023-0799,https://avd.aquasec.com/nvd/cve-2023-0799,MEDIUM,libtiff5,4.1.0+git191117-2~deb10u2,4.1.0+git191117-2~deb10u7
CVE-2023-0800,https://avd.aquasec.com/nvd/cve-2023-0800,MEDIUM,libtiff5,4.1.0+git191117-2~deb10u2,4.1.0+git191117-2~deb10u7
CVE-2023-0801,https://avd.aquasec.com/nvd/cve-2023-0801,MEDIUM,libtiff5,4.1.0+git191117-2~deb10u2,4.1.0+git191117-2~deb10u7
CVE-2023-0802,https://avd.aquasec.com/nvd/cve-2023-0802,MEDIUM,libtiff5,4.1.0+git191117-2~deb10u2,4.1.0+git191117-2~deb10u7
CVE-2023-0803,https://avd.aquasec.com/nvd/cve-2023-0803,MEDIUM,libtiff5,4.1.0+git191117-2~deb10u2,4.1.0+git191117-2~deb10u7
CVE-2023-0804,https://avd.aquasec.com/nvd/cve-2023-0804,MEDIUM,libtiff5,4.1.0+git191117-2~deb10u2,4.1.0+git191117-2~deb10u7
CVE-2023-25433,https://avd.aquasec.com/nvd/cve-2023-25433,MEDIUM,libtiff5,4.1.0+git191117-2~deb10u2,4.1.0+git191117-2~deb10u8
CVE-2023-25435,https://avd.aquasec.com/nvd/cve-2023-25435,MEDIUM,libtiff5,4.1.0+git191117-2~deb10u2,4.1.0+git191117-2~deb10u7
CVE-2023-26965,https://avd.aquasec.com/nvd/cve-2023-26965,MEDIUM,libtiff5,4.1.0+git191117-2~deb10u2,4.1.0+git191117-2~deb10u8
CVE-2023-26966,https://avd.aquasec.com/nvd/cve-2023-26966,MEDIUM,libtiff5,4.1.0+git191117-2~deb10u2,4.1.0+git191117-2~deb10u8
CVE-2023-2908,https://avd.aquasec.com/nvd/cve-2023-2908,MEDIUM,libtiff5,4.1.0+git191117-2~deb10u2,4.1.0+git191117-2~deb10u8
CVE-2023-30086,https://avd.aquasec.com/nvd/cve-2023-30086,MEDIUM,libtiff5,4.1.0+git191117-2~deb10u2,4.1.0+git191117-2~deb10u5
CVE-2023-30774,https://avd.aquasec.com/nvd/cve-2023-30774,MEDIUM,libtiff5,4.1.0+git191117-2~deb10u2,4.1.0+git191117-2~deb10u5
CVE-2023-3316,https://avd.aquasec.com/nvd/cve-2023-3316,MEDIUM,libtiff5,4.1.0+git191117-2~deb10u2,4.1.0+git191117-2~deb10u8
CVE-2023-3576,https://avd.aquasec.com/nvd/cve-2023-3576,MEDIUM,libtiff5,4.1.0+git191117-2~deb10u2,4.1.0+git191117-2~deb10u9
CVE-2023-3618,https://avd.aquasec.com/nvd/cve-2023-3618,MEDIUM,libtiff5,4.1.0+git191117-2~deb10u2,4.1.0+git191117-2~deb10u8
CVE-2023-40745,https://avd.aquasec.com/nvd/cve-2023-40745,MEDIUM,libtiff5,4.1.0+git191117-2~deb10u2,4.1.0+git191117-2~deb10u8
CVE-2023-41175,https://avd.aquasec.com/nvd/cve-2023-41175,MEDIUM,libtiff5,4.1.0+git191117-2~deb10u2,4.1.0+git191117-2~deb10u8
CVE-2023-6277,https://avd.aquasec.com/nvd/cve-2023-6277,MEDIUM,libtiff5,4.1.0+git191117-2~deb10u2,
CVE-2020-19189,https://avd.aquasec.com/nvd/cve-2020-19189,MEDIUM,libtinfo6,6.1+20181013-2+deb10u2,6.1+20181013-2+deb10u4
CVE-2023-50495,https://avd.aquasec.com/nvd/cve-2023-50495,MEDIUM,libtinfo6,6.1+20181013-2+deb10u2,
CVE-2021-3997,https://avd.aquasec.com/nvd/cve-2021-3997,MEDIUM,libudev1,241-7~deb10u8,
CVE-2022-3821,https://avd.aquasec.com/nvd/cve-2022-3821,MEDIUM,libudev1,241-7~deb10u8,241-7~deb10u10
CVE-2022-4415,https://avd.aquasec.com/nvd/cve-2022-4415,MEDIUM,libudev1,241-7~deb10u8,
CVE-2023-7008,https://avd.aquasec.com/nvd/cve-2023-7008,MEDIUM,libudev1,241-7~deb10u8,
CVE-2021-37600,https://avd.aquasec.com/nvd/cve-2021-37600,MEDIUM,libuuid1,2.33.1-0.1,2.33.1-0.1+deb10u1
CVE-2023-43785,https://avd.aquasec.com/nvd/cve-2023-43785,MEDIUM,libx11-6,2:1.6.7-1+deb10u2,2:1.6.7-1+deb10u4
CVE-2023-43786,https://avd.aquasec.com/nvd/cve-2023-43786,MEDIUM,libx11-6,2:1.6.7-1+deb10u2,2:1.6.7-1+deb10u4
CVE-2023-43785,https://avd.aquasec.com/nvd/cve-2023-43785,MEDIUM,libx11-data,2:1.6.7-1+deb10u2,2:1.6.7-1+deb10u4
CVE-2023-43786,https://avd.aquasec.com/nvd/cve-2023-43786,MEDIUM,libx11-data,2:1.6.7-1+deb10u2,2:1.6.7-1+deb10u4
CVE-2016-3709,https://avd.aquasec.com/nvd/cve-2016-3709,MEDIUM,libxml2,2.9.4+dfsg1-7+deb10u2,
CVE-2016-9318,https://avd.aquasec.com/nvd/cve-2016-9318,MEDIUM,libxml2,2.9.4+dfsg1-7+deb10u2,
CVE-2022-29824,https://avd.aquasec.com/nvd/cve-2022-29824,MEDIUM,libxml2,2.9.4+dfsg1-7+deb10u2,2.9.4+dfsg1-7+deb10u4
CVE-2023-28484,https://avd.aquasec.com/nvd/cve-2023-28484,MEDIUM,libxml2,2.9.4+dfsg1-7+deb10u2,2.9.4+dfsg1-7+deb10u6
CVE-2023-29469,https://avd.aquasec.com/nvd/cve-2023-29469,MEDIUM,libxml2,2.9.4+dfsg1-7+deb10u2,2.9.4+dfsg1-7+deb10u6
CVE-2023-39615,https://avd.aquasec.com/nvd/cve-2023-39615,MEDIUM,libxml2,2.9.4+dfsg1-7+deb10u2,
CVE-2023-45322,https://avd.aquasec.com/nvd/cve-2023-45322,MEDIUM,libxml2,2.9.4+dfsg1-7+deb10u2,
CVE-2023-43788,https://avd.aquasec.com/nvd/cve-2023-43788,MEDIUM,libxpm4,1:3.5.12-1,1:3.5.12-1+deb10u2
CVE-2023-43789,https://avd.aquasec.com/nvd/cve-2023-43789,MEDIUM,libxpm4,1:3.5.12-1,1:3.5.12-1+deb10u2
CVE-2023-4641,https://avd.aquasec.com/nvd/cve-2023-4641,MEDIUM,login,1:4.5-1.1,
CVE-2021-37600,https://avd.aquasec.com/nvd/cve-2021-37600,MEDIUM,mount,2.33.1-0.1,2.33.1-0.1+deb10u1
CVE-2020-19189,https://avd.aquasec.com/nvd/cve-2020-19189,MEDIUM,ncurses-base,6.1+20181013-2+deb10u2,6.1+20181013-2+deb10u4
CVE-2023-50495,https://avd.aquasec.com/nvd/cve-2023-50495,MEDIUM,ncurses-base,6.1+20181013-2+deb10u2,
CVE-2020-19189,https://avd.aquasec.com/nvd/cve-2020-19189,MEDIUM,ncurses-bin,6.1+20181013-2+deb10u2,6.1+20181013-2+deb10u4
CVE-2023-50495,https://avd.aquasec.com/nvd/cve-2023-50495,MEDIUM,ncurses-bin,6.1+20181013-2+deb10u2,
CVE-2020-36309,https://avd.aquasec.com/nvd/cve-2020-36309,MEDIUM,nginx,1.21.1-1~buster,
CVE-2021-4160,https://avd.aquasec.com/nvd/cve-2021-4160,MEDIUM,openssl,1.1.1d-0+deb10u7,1.1.1d-0+deb10u8
CVE-2022-2097,https://avd.aquasec.com/nvd/cve-2022-2097,MEDIUM,openssl,1.1.1d-0+deb10u7,1.1.1n-0+deb10u4
CVE-2022-4304,https://avd.aquasec.com/nvd/cve-2022-4304,MEDIUM,openssl,1.1.1d-0+deb10u7,1.1.1n-0+deb10u4
CVE-2023-0465,https://avd.aquasec.com/nvd/cve-2023-0465,MEDIUM,openssl,1.1.1d-0+deb10u7,1.1.1n-0+deb10u5
CVE-2023-0466,https://avd.aquasec.com/nvd/cve-2023-0466,MEDIUM,openssl,1.1.1d-0+deb10u7,1.1.1n-0+deb10u5
CVE-2023-2650,https://avd.aquasec.com/nvd/cve-2023-2650,MEDIUM,openssl,1.1.1d-0+deb10u7,1.1.1n-0+deb10u5
CVE-2023-3446,https://avd.aquasec.com/nvd/cve-2023-3446,MEDIUM,openssl,1.1.1d-0+deb10u7,1.1.1n-0+deb10u6
CVE-2023-3817,https://avd.aquasec.com/nvd/cve-2023-3817,MEDIUM,openssl,1.1.1d-0+deb10u7,1.1.1n-0+deb10u6
CVE-2023-5678,https://avd.aquasec.com/nvd/cve-2023-5678,MEDIUM,openssl,1.1.1d-0+deb10u7,
CVE-2024-0727,https://avd.aquasec.com/nvd/cve-2024-0727,MEDIUM,openssl,1.1.1d-0+deb10u7,
CVE-2023-4641,https://avd.aquasec.com/nvd/cve-2023-4641,MEDIUM,passwd,1:4.5-1.1,
CVE-2021-37600,https://avd.aquasec.com/nvd/cve-2021-37600,MEDIUM,util-linux,2.33.1-0.1,2.33.1-0.1+deb10u1
CVE-2024-28085,https://avd.aquasec.com/nvd/cve-2024-28085,LOW,bsdutils,1:2.33.1-0.1,2.33.1-0.1+deb10u1
CVE-2016-2781,https://avd.aquasec.com/nvd/cve-2016-2781,LOW,coreutils,8.30-3,
CVE-2021-22898,https://avd.aquasec.com/nvd/cve-2021-22898,LOW,curl,7.64.0-4+deb10u2,7.64.0-4+deb10u3
CVE-2021-22924,https://avd.aquasec.com/nvd/cve-2021-22924,LOW,curl,7.64.0-4+deb10u2,7.64.0-4+deb10u3
CVE-2022-35252,https://avd.aquasec.com/nvd/cve-2022-35252,LOW,curl,7.64.0-4+deb10u2,7.64.0-4+deb10u4
CVE-2023-28322,https://avd.aquasec.com/nvd/cve-2023-28322,LOW,curl,7.64.0-4+deb10u2,7.64.0-4+deb10u8
CVE-2023-38546,https://avd.aquasec.com/nvd/cve-2023-38546,LOW,curl,7.64.0-4+deb10u2,7.64.0-4+deb10u7
CVE-2024-28085,https://avd.aquasec.com/nvd/cve-2024-28085,LOW,fdisk,2.33.1-0.1,2.33.1-0.1+deb10u1
CVE-2019-14855,https://avd.aquasec.com/nvd/cve-2019-14855,LOW,gpgv,2.2.12-1+deb10u1,
CVE-2024-28085,https://avd.aquasec.com/nvd/cve-2024-28085,LOW,libblkid1,2.33.1-0.1,2.33.1-0.1+deb10u1
CVE-2019-19126,https://avd.aquasec.com/nvd/cve-2019-19126,LOW,libc-bin,2.28-10,2.28-10+deb10u2
CVE-2021-27645,https://avd.aquasec.com/nvd/cve-2021-27645,LOW,libc-bin,2.28-10,2.28-10+deb10u2
CVE-2024-33601,https://avd.aquasec.com/nvd/cve-2024-33601,LOW,libc-bin,2.28-10,2.28-10+deb10u4
CVE-2024-33602,https://avd.aquasec.com/nvd/cve-2024-33602,LOW,libc-bin,2.28-10,2.28-10+deb10u4
CVE-2019-19126,https://avd.aquasec.com/nvd/cve-2019-19126,LOW,libc6,2.28-10,2.28-10+deb10u2
CVE-2021-27645,https://avd.aquasec.com/nvd/cve-2021-27645,LOW,libc6,2.28-10,2.28-10+deb10u2
CVE-2024-33601,https://avd.aquasec.com/nvd/cve-2024-33601,LOW,libc6,2.28-10,2.28-10+deb10u4
CVE-2024-33602,https://avd.aquasec.com/nvd/cve-2024-33602,LOW,libc6,2.28-10,2.28-10+deb10u4
CVE-2021-22898,https://avd.aquasec.com/nvd/cve-2021-22898,LOW,libcurl4,7.64.0-4+deb10u2,7.64.0-4+deb10u3
CVE-2021-22924,https://avd.aquasec.com/nvd/cve-2021-22924,LOW,libcurl4,7.64.0-4+deb10u2,7.64.0-4+deb10u3
CVE-2022-35252,https://avd.aquasec.com/nvd/cve-2022-35252,LOW,libcurl4,7.64.0-4+deb10u2,7.64.0-4+deb10u4
CVE-2023-28322,https://avd.aquasec.com/nvd/cve-2023-28322,LOW,libcurl4,7.64.0-4+deb10u2,7.64.0-4+deb10u8
CVE-2023-38546,https://avd.aquasec.com/nvd/cve-2023-38546,LOW,libcurl4,7.64.0-4+deb10u2,7.64.0-4+deb10u7
CVE-2024-28085,https://avd.aquasec.com/nvd/cve-2024-28085,LOW,libfdisk1,2.33.1-0.1,2.33.1-0.1+deb10u1
CVE-2019-17543,https://avd.aquasec.com/nvd/cve-2019-17543,LOW,liblz4-1,1.8.3-1+deb10u1,
CVE-2024-28085,https://avd.aquasec.com/nvd/cve-2024-28085,LOW,libmount1,2.33.1-0.1,2.33.1-0.1+deb10u1
CVE-2021-36084,https://avd.aquasec.com/nvd/cve-2021-36084,LOW,libsepol1,2.8-1,
CVE-2021-36085,https://avd.aquasec.com/nvd/cve-2021-36085,LOW,libsepol1,2.8-1,
CVE-2021-36086,https://avd.aquasec.com/nvd/cve-2021-36086,LOW,libsepol1,2.8-1,
CVE-2021-36087,https://avd.aquasec.com/nvd/cve-2021-36087,LOW,libsepol1,2.8-1,
CVE-2024-28085,https://avd.aquasec.com/nvd/cve-2024-28085,LOW,libsmartcols1,2.33.1-0.1,2.33.1-0.1+deb10u1
CVE-2024-2511,https://avd.aquasec.com/nvd/cve-2024-2511,LOW,libssl1.1,1.1.1d-0+deb10u7,
CVE-2024-4741,https://avd.aquasec.com/nvd/cve-2024-4741,LOW,libssl1.1,1.1.1d-0+deb10u7,
CVE-2022-1210,https://avd.aquasec.com/nvd/cve-2022-1210,LOW,libtiff5,4.1.0+git191117-2~deb10u2,
CVE-2024-28085,https://avd.aquasec.com/nvd/cve-2024-28085,LOW,libuuid1,2.33.1-0.1,2.33.1-0.1+deb10u1
CVE-2018-7169,https://avd.aquasec.com/nvd/cve-2018-7169,LOW,login,1:4.5-1.1,
CVE-2023-29383,https://avd.aquasec.com/nvd/cve-2023-29383,LOW,login,1:4.5-1.1,
CVE-2024-28085,https://avd.aquasec.com/nvd/cve-2024-28085,LOW,mount,2.33.1-0.1,2.33.1-0.1+deb10u1
CVE-2013-0337,https://avd.aquasec.com/nvd/cve-2013-0337,LOW,nginx,1.21.1-1~buster,
CVE-2024-2511,https://avd.aquasec.com/nvd/cve-2024-2511,LOW,openssl,1.1.1d-0+deb10u7,
CVE-2024-4741,https://avd.aquasec.com/nvd/cve-2024-4741,LOW,openssl,1.1.1d-0+deb10u7,
CVE-2018-7169,https://avd.aquasec.com/nvd/cve-2018-7169,LOW,passwd,1:4.5-1.1,
CVE-2023-29383,https://avd.aquasec.com/nvd/cve-2023-29383,LOW,passwd,1:4.5-1.1,
CVE-2023-39804,https://avd.aquasec.com/nvd/cve-2023-39804,LOW,tar,1.30+dfsg-6,1.30+dfsg-6+deb10u1
CVE-2024-28085,https://avd.aquasec.com/nvd/cve-2024-28085,LOW,util-linux,2.33.1-0.1,2.33.1-0.1+deb10u1
DLA-3482-1,,UNDEFINED,debian-archive-keyring,2019.1+deb10u1,2019.1+deb10u2
DLA-3112-1,,UNDEFINED,libbz2-1.0,1.0.6-9.2~deb10u1,1.0.6-9.2~deb10u2
DSA-5085-2,,UNDEFINED,libexpat1,2.2.6-2+deb10u1,2.2.6-2+deb10u4
DLA-3134-1,,UNDEFINED,tzdata,2021a-0+deb10u1,2021a-0+deb10u7
DLA-3161-1,,UNDEFINED,tzdata,2021a-0+deb10u1,2021a-0+deb10u8
DLA-3366-1,,UNDEFINED,tzdata,2021a-0+deb10u1,2021a-0+deb10u10
DLA-3412-1,,UNDEFINED,tzdata,2021a-0+deb10u1,2021a-0+deb10u11
DLA-3684-1,,UNDEFINED,tzdata,2021a-0+deb10u1,2021a-0+deb10u12
DLA-3788-1,,UNDEFINED,tzdata,2021a-0+deb10u1,2024a-0+deb10u1